date,datatype,station,attributes,value
2024-01-01,TAVG,GHCND:USW00093738,"H,,S,",4.7
2024-01-01,TMAX,GHCND:USW00093738,",,W,2400",6.1
2024-01-01,TMIN,GHCND:USW00093738,",,W,2400",1.7
2024-01-02,TAVG,GHCND:USW00093738,"H,,S,",3.8
2024-01-02,TMAX,GHCND:USW00093738,",,W,2400",7.2
2024-01-02,TMIN,GHCND:USW00093738,",,W,2400",0.0
2024-01-03,TAVG,GHCND:USW00093738,"H,,S,",3.1
2024-01-03,TMAX,GHCND:USW00093738,",,W,2400",8.9
2024-01-03,TMIN,GHCND:USW00093738,",,W,2400",-2.7
2024-01-04,TAVG,GHCND:USW00093738,"H,,S,",3.9
2024-01-04,TMAX,GHCND:USW00093738,",,W,2400",7.2
2024-01-04,TMIN,GHCND:USW00093738,",,W,2400",-0.5
2024-01-05,TAVG,GHCND:USW00093738,"H,,S,",0.0
2024-01-05,TMAX,GHCND:USW00093738,",,W,2400",5.6
2024-01-05,TMIN,GHCND:USW00093738,",,W,2400",-6.6
2024-01-06,TAVG,GHCND:USW00093738,"H,,S,",0.6
2024-01-06,TMAX,GHCND:USW00093738,",,W,2400",3.3
2024-01-06,TMIN,GHCND:USW00093738,",,W,2400",-3.2
2024-01-07,TAVG,GHCND:USW00093738,"H,,S,",3.6
2024-01-07,TMAX,GHCND:USW00093738,",,W,2400",10.6
2024-01-07,TMIN,GHCND:USW00093738,",,W,2400",-1.0
2024-01-08,TAVG,GHCND:USW00093738,"H,,S,",5.2
2024-01-08,TMAX,GHCND:USW00093738,",,W,2400",9.4
2024-01-08,TMIN,GHCND:USW00093738,",,W,2400",-1.0
2024-01-09,TAVG,GHCND:USW00093738,"H,,S,",5.6
2024-01-09,TMAX,GHCND:USW00093738,",,W,2400",15.0
2024-01-09,TMIN,GHCND:USW00093738,",,W,2400",3.3
2024-01-10,TAVG,GHCND:USW00093738,"H,,S,",10.2
2024-01-10,TMAX,GHCND:USW00093738,",,W,2400",12.8
2024-01-10,TMIN,GHCND:USW00093738,",,W,2400",3.9
2024-01-11,TAVG,GHCND:USW00093738,"H,,S,",5.0
2024-01-11,TMAX,GHCND:USW00093738,",,W,2400",12.2
2024-01-11,TMIN,GHCND:USW00093738,",,W,2400",-2.1
2024-01-12,TAVG,GHCND:USW00093738,"H,,S,",3.8
2024-01-12,TMAX,GHCND:USW00093738,",,W,2400",10.0
2024-01-12,TMIN,GHCND:USW00093738,",,W,2400",-2.7
2024-01-13,TAVG,GHCND:USW00093738,"H,,S,",8.1
2024-01-13,TMAX,GHCND:USW00093738,",,W,2400",9.4
2024-01-13,TMIN,GHCND:USW00093738,",,W,2400",-2.1
2024-01-14,TAVG,GHCND:USW00093738,"H,,S,",0.9
2024-01-14,TMAX,GHCND:USW00093738,",,W,2400",7.8
2024-01-14,TMIN,GHCND:USW00093738,",,W,2400",-2.7
2024-01-15,TAVG,GHCND:USW00093738,"H,,S,",-2.6
2024-01-15,TMAX,GHCND:USW00093738,",,W,2400",-1.6
2024-01-15,TMIN,GHCND:USW00093738,",,W,2400",-4.3
2024-01-16,TAVG,GHCND:USW00093738,"H,,S,",-2.3
2024-01-16,TMAX,GHCND:USW00093738,",,W,2400",-1.0
2024-01-16,TMIN,GHCND:USW00093738,",,W,2400",-8.2
2024-01-17,TAVG,GHCND:USW00093738,"H,,S,",-6.9
2024-01-17,TMAX,GHCND:USW00093738,",,W,2400",-1.0
2024-01-17,TMIN,GHCND:USW00093738,",,W,2400",-13.2
2024-01-18,TAVG,GHCND:USW00093738,"H,,S,",-5.6
2024-01-18,TMAX,GHCND:USW00093738,",,W,2400",1.7
2024-01-18,TMIN,GHCND:USW00093738,",,W,2400",-11.6
2024-01-19,TAVG,GHCND:USW00093738,"H,,S,",-1.2
2024-01-19,TMAX,GHCND:USW00093738,",,W,2400",0.0
2024-01-19,TMIN,GHCND:USW00093738,",,W,2400",-6.0
2024-01-20,TAVG,GHCND:USW00093738,"H,,S,",-4.9
2024-01-20,TMAX,GHCND:USW00093738,",,W,2400",-3.2
2024-01-20,TMIN,GHCND:USW00093738,",,W,2400",-11.0
2024-01-21,TAVG,GHCND:USW00093738,"H,,S,",-5.0
2024-01-21,TMAX,GHCND:USW00093738,",,W,2400",0.0
2024-01-21,TMIN,GHCND:USW00093738,",,W,2400",-8.2
2024-01-22,TAVG,GHCND:USW00093738,"H,,S,",-4.9
2024-01-22,TMAX,GHCND:USW00093738,",,W,2400",3.9
2024-01-22,TMIN,GHCND:USW00093738,",,W,2400",-13.8
2024-01-23,TAVG,GHCND:USW00093738,"H,,S,",-0.1
2024-01-23,TMAX,GHCND:USW00093738,",,W,2400",8.9
2024-01-23,TMIN,GHCND:USW00093738,",,W,2400",-6.6
2024-01-24,TAVG,GHCND:USW00093738,"H,,S,",4.6
2024-01-24,TMAX,GHCND:USW00093738,",,W,2400",8.3
2024-01-24,TMIN,GHCND:USW00093738,",,W,2400",1.7
2024-01-25,TAVG,GHCND:USW00093738,"H,,S,",12.7
2024-01-25,TMAX,GHCND:USW00093738,",,W,2400",19.4
2024-01-25,TMIN,GHCND:USW00093738,",,W,2400",7.2
2024-01-26,TAVG,GHCND:USW00093738,"H,,S,",20.0
2024-01-26,TMAX,GHCND:USW00093738,",,W,2400",26.1
2024-01-26,TMIN,GHCND:USW00093738,",,W,2400",13.3
2024-01-27,TAVG,GHCND:USW00093738,"H,,S,",12.5
2024-01-27,TMAX,GHCND:USW00093738,",,W,2400",16.1
2024-01-27,TMIN,GHCND:USW00093738,",,W,2400",5.0
2024-01-28,TAVG,GHCND:USW00093738,"H,,S,",7.8
2024-01-28,TMAX,GHCND:USW00093738,",,W,2400",8.3
2024-01-28,TMIN,GHCND:USW00093738,",,W,2400",5.6
2024-01-29,TAVG,GHCND:USW00093738,"H,,S,",6.1
2024-01-29,TMAX,GHCND:USW00093738,",,W,2400",8.3
2024-01-29,TMIN,GHCND:USW00093738,",,W,2400",2.8
2024-01-30,TAVG,GHCND:USW00093738,"H,,S,",4.7
2024-01-30,TMAX,GHCND:USW00093738,",,W,2400",6.7
2024-01-30,TMIN,GHCND:USW00093738,",,W,2400",3.3
2024-01-31,TAVG,GHCND:USW00093738,"H,,S,",4.1
2024-01-31,TMAX,GHCND:USW00093738,",,W,2400",6.1
2024-01-31,TMIN,GHCND:USW00093738,",,W,2400",-1.6
2024-02-01,TAVG,GHCND:USW00093738,"H,,S,",3.4
2024-02-01,TMAX,GHCND:USW00093738,",,W,2400",12.8
2024-02-01,TMIN,GHCND:USW00093738,",,W,2400",-2.7
2024-02-02,TAVG,GHCND:USW00093738,"H,,S,",8.3
2024-02-02,TMAX,GHCND:USW00093738,",,W,2400",10.0
2024-02-02,TMIN,GHCND:USW00093738,",,W,2400",5.0
2024-02-03,TAVG,GHCND:USW00093738,"H,,S,",5.9
2024-02-03,TMAX,GHCND:USW00093738,",,W,2400",11.1
2024-02-03,TMIN,GHCND:USW00093738,",,W,2400",-1.0
2024-02-04,TAVG,GHCND:USW00093738,"H,,S,",3.3
2024-02-04,TMAX,GHCND:USW00093738,",,W,2400",12.2
2024-02-04,TMIN,GHCND:USW00093738,",,W,2400",-3.2
2024-02-05,TAVG,GHCND:USW00093738,"H,,S,",3.3
2024-02-05,TMAX,GHCND:USW00093738,",,W,2400",11.1
2024-02-05,TMIN,GHCND:USW00093738,",,W,2400",-3.2
2024-02-06,TAVG,GHCND:USW00093738,"H,,S,",3.4
2024-02-06,TMAX,GHCND:USW00093738,",,W,2400",7.8
2024-02-06,TMIN,GHCND:USW00093738,",,W,2400",-3.2
2024-02-07,TAVG,GHCND:USW00093738,"H,,S,",2.1
2024-02-07,TMAX,GHCND:USW00093738,",,W,2400",11.7
2024-02-07,TMIN,GHCND:USW00093738,",,W,2400",-4.9
2024-02-08,TAVG,GHCND:USW00093738,"H,,S,",4.2
2024-02-08,TMAX,GHCND:USW00093738,",,W,2400",15.0
2024-02-08,TMIN,GHCND:USW00093738,",,W,2400",-2.7
2024-02-09,TAVG,GHCND:USW00093738,"H,,S,",10.2
2024-02-09,TMAX,GHCND:USW00093738,",,W,2400",19.4
2024-02-09,TMIN,GHCND:USW00093738,",,W,2400",5.0
2024-02-10,TAVG,GHCND:USW00093738,"H,,S,",12.7
2024-02-10,TMAX,GHCND:USW00093738,",,W,2400",18.3
2024-02-10,TMIN,GHCND:USW00093738,",,W,2400",8.9
2024-02-11,TAVG,GHCND:USW00093738,"H,,S,",11.6
2024-02-11,TMAX,GHCND:USW00093738,",,W,2400",13.3
2024-02-11,TMIN,GHCND:USW00093738,",,W,2400",8.3
2024-02-12,TAVG,GHCND:USW00093738,"H,,S,",8.8
2024-02-12,TMAX,GHCND:USW00093738,",,W,2400",9.4
2024-02-12,TMIN,GHCND:USW00093738,",,W,2400",6.7
2024-02-13,TAVG,GHCND:USW00093738,"H,,S,",5.8
2024-02-13,TMAX,GHCND:USW00093738,",,W,2400",8.3
2024-02-13,TMIN,GHCND:USW00093738,",,W,2400",1.1
2024-02-14,TAVG,GHCND:USW00093738,"H,,S,",4.6
2024-02-14,TMAX,GHCND:USW00093738,",,W,2400",7.8
2024-02-14,TMIN,GHCND:USW00093738,",,W,2400",-2.1
2024-02-15,TAVG,GHCND:USW00093738,"H,,S,",2.6
2024-02-15,TMAX,GHCND:USW00093738,",,W,2400",11.1
2024-02-15,TMIN,GHCND:USW00093738,",,W,2400",-4.9
2024-02-16,TAVG,GHCND:USW00093738,"H,,S,",6.8
2024-02-16,TMAX,GHCND:USW00093738,",,W,2400",10.0
2024-02-16,TMIN,GHCND:USW00093738,",,W,2400",3.3
2024-02-17,TAVG,GHCND:USW00093738,"H,,S,",2.6
2024-02-17,TMAX,GHCND:USW00093738,",,W,2400",5.0
2024-02-17,TMIN,GHCND:USW00093738,",,W,2400",-3.8
2024-02-18,TAVG,GHCND:USW00093738,"H,,S,",0.4
2024-02-18,TMAX,GHCND:USW00093738,",,W,2400",10.6
2024-02-18,TMIN,GHCND:USW00093738,",,W,2400",-6.6
2024-02-19,TAVG,GHCND:USW00093738,"H,,S,",4.0
2024-02-19,TMAX,GHCND:USW00093738,",,W,2400",10.0
2024-02-19,TMIN,GHCND:USW00093738,",,W,2400",-3.8
2024-02-20,TAVG,GHCND:USW00093738,"H,,S,",2.0
2024-02-20,TMAX,GHCND:USW00093738,",,W,2400",10.0
2024-02-20,TMIN,GHCND:USW00093738,",,W,2400",-4.9
2024-02-21,TAVG,GHCND:USW00093738,"H,,S,",3.4
2024-02-21,TMAX,GHCND:USW00093738,",,W,2400",10.6
2024-02-21,TMIN,GHCND:USW00093738,",,W,2400",-3.8
2024-02-22,TAVG,GHCND:USW00093738,"H,,S,",4.4
2024-02-22,TMAX,GHCND:USW00093738,",,W,2400",10.6
2024-02-22,TMIN,GHCND:USW00093738,",,W,2400",0.0
2024-02-23,TAVG,GHCND:USW00093738,"H,,S,",6.6
2024-02-23,TMAX,GHCND:USW00093738,",,W,2400",11.1
2024-02-23,TMIN,GHCND:USW00093738,",,W,2400",2.2
2024-02-24,TAVG,GHCND:USW00093738,"H,,S,",6.4
2024-02-24,TMAX,GHCND:USW00093738,",,W,2400",10.0
2024-02-24,TMIN,GHCND:USW00093738,",,W,2400",0.0
2024-02-25,TAVG,GHCND:USW00093738,"H,,S,",2.1
2024-02-25,TMAX,GHCND:USW00093738,",,W,2400",9.4
2024-02-25,TMIN,GHCND:USW00093738,",,W,2400",-6.0
2024-02-26,TAVG,GHCND:USW00093738,"H,,S,",9.2
2024-02-26,TMAX,GHCND:USW00093738,",,W,2400",20.6
2024-02-26,TMIN,GHCND:USW00093738,",,W,2400",0.6
2024-02-27,TAVG,GHCND:USW00093738,"H,,S,",12.2
2024-02-27,TMAX,GHCND:USW00093738,",,W,2400",17.2
2024-02-27,TMIN,GHCND:USW00093738,",,W,2400",4.4
2024-02-28,TAVG,GHCND:USW00093738,"H,,S,",15.9
2024-02-28,TMAX,GHCND:USW00093738,",,W,2400",18.3
2024-02-28,TMIN,GHCND:USW00093738,",,W,2400",3.9
2024-02-29,TAVG,GHCND:USW00093738,"H,,S,",5.3
2024-02-29,TMAX,GHCND:USW00093738,",,W,2400",10.0
2024-02-29,TMIN,GHCND:USW00093738,",,W,2400",-0.5
2024-03-01,TAVG,GHCND:USW00093738,"H,,S,",4.6
2024-03-01,TMAX,GHCND:USW00093738,",,W,2400",12.2
2024-03-01,TMIN,GHCND:USW00093738,",,W,2400",-4.3
2024-03-02,TAVG,GHCND:USW00093738,"H,,S,",7.6
2024-03-02,TMAX,GHCND:USW00093738,",,W,2400",12.8
2024-03-02,TMIN,GHCND:USW00093738,",,W,2400",4.4
2024-03-03,TAVG,GHCND:USW00093738,"H,,S,",10.2
2024-03-03,TMAX,GHCND:USW00093738,",,W,2400",18.3
2024-03-03,TMIN,GHCND:USW00093738,",,W,2400",3.3
2024-03-04,TAVG,GHCND:USW00093738,"H,,S,",13.1
2024-03-04,TMAX,GHCND:USW00093738,",,W,2400",20.6
2024-03-04,TMIN,GHCND:USW00093738,",,W,2400",7.8
2024-03-05,TAVG,GHCND:USW00093738,"H,,S,",12.1
2024-03-05,TMAX,GHCND:USW00093738,",,W,2400",14.4
2024-03-05,TMIN,GHCND:USW00093738,",,W,2400",9.4
2024-03-06,TAVG,GHCND:USW00093738,"H,,S,",11.7
2024-03-06,TMAX,GHCND:USW00093738,",,W,2400",13.9
2024-03-06,TMIN,GHCND:USW00093738,",,W,2400",10.0
2024-03-07,TAVG,GHCND:USW00093738,"H,,S,",13.7
2024-03-07,TMAX,GHCND:USW00093738,",,W,2400",18.9
2024-03-07,TMIN,GHCND:USW00093738,",,W,2400",7.2
2024-03-08,TAVG,GHCND:USW00093738,"H,,S,",11.1
2024-03-08,TMAX,GHCND:USW00093738,",,W,2400",16.1
2024-03-08,TMIN,GHCND:USW00093738,",,W,2400",6.7
2024-03-09,TAVG,GHCND:USW00093738,"H,,S,",8.2
2024-03-09,TMAX,GHCND:USW00093738,",,W,2400",10.0
2024-03-09,TMIN,GHCND:USW00093738,",,W,2400",6.1
2024-03-10,TAVG,GHCND:USW00093738,"H,,S,",7.2
2024-03-10,TMAX,GHCND:USW00093738,",,W,2400",8.9
2024-03-10,TMIN,GHCND:USW00093738,",,W,2400",3.3
2024-03-11,TAVG,GHCND:USW00093738,"H,,S,",6.4
2024-03-11,TMAX,GHCND:USW00093738,",,W,2400",13.3
2024-03-11,TMIN,GHCND:USW00093738,",,W,2400",2.8
2024-03-12,TAVG,GHCND:USW00093738,"H,,S,",12.9
2024-03-12,TMAX,GHCND:USW00093738,",,W,2400",23.9
2024-03-12,TMIN,GHCND:USW00093738,",,W,2400",1.1
2024-03-13,TAVG,GHCND:USW00093738,"H,,S,",13.6
2024-03-13,TMAX,GHCND:USW00093738,",,W,2400",23.3
2024-03-13,TMIN,GHCND:USW00093738,",,W,2400",3.3
2024-03-14,TAVG,GHCND:USW00093738,"H,,S,",14.6
2024-03-14,TMAX,GHCND:USW00093738,",,W,2400",26.7
2024-03-14,TMIN,GHCND:USW00093738,",,W,2400",4.4
2024-03-15,TAVG,GHCND:USW00093738,"H,,S,",19.7
2024-03-15,TMAX,GHCND:USW00093738,",,W,2400",23.3
2024-03-15,TMIN,GHCND:USW00093738,",,W,2400",12.2
2024-03-16,TAVG,GHCND:USW00093738,"H,,S,",13.4
2024-03-16,TMAX,GHCND:USW00093738,",,W,2400",19.4
2024-03-16,TMIN,GHCND:USW00093738,",,W,2400",6.7
2024-03-17,TAVG,GHCND:USW00093738,"H,,S,",14.9
2024-03-17,TMAX,GHCND:USW00093738,",,W,2400",22.2
2024-03-17,TMIN,GHCND:USW00093738,",,W,2400",8.9
2024-03-18,TAVG,GHCND:USW00093738,"H,,S,",8.7
2024-03-18,TMAX,GHCND:USW00093738,",,W,2400",10.6
2024-03-18,TMIN,GHCND:USW00093738,",,W,2400",1.7
2024-03-19,TAVG,GHCND:USW00093738,"H,,S,",5.1
2024-03-19,TMAX,GHCND:USW00093738,",,W,2400",11.7
2024-03-19,TMIN,GHCND:USW00093738,",,W,2400",1.1
2024-03-20,TAVG,GHCND:USW00093738,"H,,S,",10.2
2024-03-20,TMAX,GHCND:USW00093738,",,W,2400",20.0
2024-03-20,TMIN,GHCND:USW00093738,",,W,2400",1.7
2024-03-21,TAVG,GHCND:USW00093738,"H,,S,",5.0
2024-03-21,TMAX,GHCND:USW00093738,",,W,2400",10.6
2024-03-21,TMIN,GHCND:USW00093738,",,W,2400",-0.5
2024-03-22,TAVG,GHCND:USW00093738,"H,,S,",4.6
2024-03-22,TMAX,GHCND:USW00093738,",,W,2400",12.2
2024-03-22,TMIN,GHCND:USW00093738,",,W,2400",-2.7
2024-03-23,TAVG,GHCND:USW00093738,"H,,S,",7.4
2024-03-23,TMAX,GHCND:USW00093738,",,W,2400",11.7
2024-03-23,TMIN,GHCND:USW00093738,",,W,2400",1.7
2024-03-24,TAVG,GHCND:USW00093738,"H,,S,",4.6
2024-03-24,TMAX,GHCND:USW00093738,",,W,2400",10.6
2024-03-24,TMIN,GHCND:USW00093738,",,W,2400",0.0
2024-03-25,TAVG,GHCND:USW00093738,"H,,S,",6.1
2024-03-25,TMAX,GHCND:USW00093738,",,W,2400",15.0
2024-03-25,TMIN,GHCND:USW00093738,",,W,2400",-2.1
2024-03-26,TAVG,GHCND:USW00093738,"H,,S,",8.0
2024-03-26,TMAX,GHCND:USW00093738,",,W,2400",17.2
2024-03-26,TMIN,GHCND:USW00093738,",,W,2400",0.0
2024-03-27,TAVG,GHCND:USW00093738,"H,,S,",8.9
2024-03-27,TMAX,GHCND:USW00093738,",,W,2400",10.6
2024-03-27,TMIN,GHCND:USW00093738,",,W,2400",7.2
2024-03-28,TAVG,GHCND:USW00093738,"H,,S,",10.1
2024-03-28,TMAX,GHCND:USW00093738,",,W,2400",12.8
2024-03-28,TMIN,GHCND:USW00093738,",,W,2400",6.7
2024-03-29,TAVG,GHCND:USW00093738,"H,,S,",9.9
2024-03-29,TMAX,GHCND:USW00093738,",,W,2400",17.2
2024-03-29,TMIN,GHCND:USW00093738,",,W,2400",-0.5
2024-03-30,TAVG,GHCND:USW00093738,"H,,S,",10.2
2024-03-30,TMAX,GHCND:USW00093738,",,W,2400",19.4
2024-03-30,TMIN,GHCND:USW00093738,",,W,2400",0.0
2024-03-31,TAVG,GHCND:USW00093738,"H,,S,",13.0
2024-03-31,TMAX,GHCND:USW00093738,",,W,2400",19.4
2024-03-31,TMIN,GHCND:USW00093738,",,W,2400",5.6
2024-04-01,TAVG,GHCND:USW00093738,"H,,S,",12.8
2024-04-01,TMAX,GHCND:USW00093738,",,W,2400",15.6
2024-04-01,TMIN,GHCND:USW00093738,",,W,2400",11.1
2024-04-02,TAVG,GHCND:USW00093738,"H,,S,",11.2
2024-04-02,TMAX,GHCND:USW00093738,",,W,2400",12.2
2024-04-02,TMIN,GHCND:USW00093738,",,W,2400",8.9
2024-04-03,TAVG,GHCND:USW00093738,"H,,S,",9.8
2024-04-03,TMAX,GHCND:USW00093738,",,W,2400",11.1
2024-04-03,TMIN,GHCND:USW00093738,",,W,2400",7.2
2024-04-04,TAVG,GHCND:USW00093738,"H,,S,",7.7
2024-04-04,TMAX,GHCND:USW00093738,",,W,2400",13.3
2024-04-04,TMIN,GHCND:USW00093738,",,W,2400",1.1
2024-04-05,TAVG,GHCND:USW00093738,"H,,S,",7.9
2024-04-05,TMAX,GHCND:USW00093738,",,W,2400",13.3
2024-04-05,TMIN,GHCND:USW00093738,",,W,2400",2.8
2024-04-06,TAVG,GHCND:USW00093738,"H,,S,",7.8
2024-04-06,TMAX,GHCND:USW00093738,",,W,2400",13.9
2024-04-06,TMIN,GHCND:USW00093738,",,W,2400",3.3
2024-04-07,TAVG,GHCND:USW00093738,"H,,S,",10.8
2024-04-07,TMAX,GHCND:USW00093738,",,W,2400",18.3
2024-04-07,TMIN,GHCND:USW00093738,",,W,2400",1.1
2024-04-08,TAVG,GHCND:USW00093738,"H,,S,",12.3
2024-04-08,TMAX,GHCND:USW00093738,",,W,2400",23.9
2024-04-08,TMIN,GHCND:USW00093738,",,W,2400",1.7
2024-04-09,TAVG,GHCND:USW00093738,"H,,S,",17.6
2024-04-09,TMAX,GHCND:USW00093738,",,W,2400",26.7
2024-04-09,TMIN,GHCND:USW00093738,",,W,2400",9.4
2024-04-10,TAVG,GHCND:USW00093738,"H,,S,",20.8
2024-04-10,TMAX,GHCND:USW00093738,",,W,2400",26.7
2024-04-10,TMIN,GHCND:USW00093738,",,W,2400",16.1
2024-04-11,TAVG,GHCND:USW00093738,"H,,S,",19.9
2024-04-11,TMAX,GHCND:USW00093738,",,W,2400",21.7
2024-04-11,TMIN,GHCND:USW00093738,",,W,2400",17.8
2024-04-12,TAVG,GHCND:USW00093738,"H,,S,",17.9
2024-04-12,TMAX,GHCND:USW00093738,",,W,2400",19.4
2024-04-12,TMIN,GHCND:USW00093738,",,W,2400",13.9
2024-04-13,TAVG,GHCND:USW00093738,"H,,S,",15.2
2024-04-13,TMAX,GHCND:USW00093738,",,W,2400",19.4
2024-04-13,TMIN,GHCND:USW00093738,",,W,2400",7.8
2024-04-14,TAVG,GHCND:USW00093738,"H,,S,",16.9
2024-04-14,TMAX,GHCND:USW00093738,",,W,2400",28.9
2024-04-14,TMIN,GHCND:USW00093738,",,W,2400",5.6
2024-04-15,TAVG,GHCND:USW00093738,"H,,S,",23.0
2024-04-15,TMAX,GHCND:USW00093738,",,W,2400",29.4
2024-04-15,TMIN,GHCND:USW00093738,",,W,2400",14.4
2024-04-16,TAVG,GHCND:USW00093738,"H,,S,",20.9
2024-04-16,TMAX,GHCND:USW00093738,",,W,2400",25.6
2024-04-16,TMIN,GHCND:USW00093738,",,W,2400",8.9
2024-04-17,TAVG,GHCND:USW00093738,"H,,S,",18.6
2024-04-17,TMAX,GHCND:USW00093738,",,W,2400",23.3
2024-04-17,TMIN,GHCND:USW00093738,",,W,2400",15.0
2024-04-18,TAVG,GHCND:USW00093738,"H,,S,",19.9
2024-04-18,TMAX,GHCND:USW00093738,",,W,2400",26.1
2024-04-18,TMIN,GHCND:USW00093738,",,W,2400",11.7
2024-04-19,TAVG,GHCND:USW00093738,"H,,S,",13.7
2024-04-19,TMAX,GHCND:USW00093738,",,W,2400",13.9
2024-04-19,TMIN,GHCND:USW00093738,",,W,2400",11.7
2024-04-20,TAVG,GHCND:USW00093738,"H,,S,",16.1
2024-04-20,TMAX,GHCND:USW00093738,",,W,2400",23.3
2024-04-20,TMIN,GHCND:USW00093738,",,W,2400",11.7
2024-04-21,TAVG,GHCND:USW00093738,"H,,S,",11.4
2024-04-21,TMAX,GHCND:USW00093738,",,W,2400",12.2
2024-04-21,TMIN,GHCND:USW00093738,",,W,2400",6.7
2024-04-22,TAVG,GHCND:USW00093738,"H,,S,",10.6
2024-04-22,TMAX,GHCND:USW00093738,",,W,2400",18.9
2024-04-22,TMIN,GHCND:USW00093738,",,W,2400",3.9
2024-04-23,TAVG,GHCND:USW00093738,"H,,S,",12.5
2024-04-23,TMAX,GHCND:USW00093738,",,W,2400",23.3
2024-04-23,TMIN,GHCND:USW00093738,",,W,2400",1.1
2024-04-24,TAVG,GHCND:USW00093738,"H,,S,",19.1
2024-04-24,TMAX,GHCND:USW00093738,",,W,2400",23.9
2024-04-24,TMIN,GHCND:USW00093738,",,W,2400",13.9
2024-04-25,TAVG,GHCND:USW00093738,"H,,S,",13.7
2024-04-25,TMAX,GHCND:USW00093738,",,W,2400",16.7
2024-04-25,TMIN,GHCND:USW00093738,",,W,2400",9.4
2024-04-26,TAVG,GHCND:USW00093738,"H,,S,",11.9
2024-04-26,TMAX,GHCND:USW00093738,",,W,2400",19.4
2024-04-26,TMIN,GHCND:USW00093738,",,W,2400",3.9
2024-04-27,TAVG,GHCND:USW00093738,"H,,S,",12.5
2024-04-27,TMAX,GHCND:USW00093738,",,W,2400",14.4
2024-04-27,TMIN,GHCND:USW00093738,",,W,2400",11.1
2024-04-28,TAVG,GHCND:USW00093738,"H,,S,",18.3
2024-04-28,TMAX,GHCND:USW00093738,",,W,2400",30.0
2024-04-28,TMIN,GHCND:USW00093738,",,W,2400",11.7
2024-04-29,TAVG,GHCND:USW00093738,"H,,S,",24.8
2024-04-29,TMAX,GHCND:USW00093738,",,W,2400",32.8
2024-04-29,TMIN,GHCND:USW00093738,",,W,2400",13.9
2024-04-30,TAVG,GHCND:USW00093738,"H,,S,",24.4
2024-04-30,TMAX,GHCND:USW00093738,",,W,2400",31.1
2024-04-30,TMIN,GHCND:USW00093738,",,W,2400",16.1
2024-05-01,TAVG,GHCND:USW00093738,"H,,S,",22.6
2024-05-01,TMAX,GHCND:USW00093738,",,W,2400",29.4
2024-05-01,TMIN,GHCND:USW00093738,",,W,2400",15.0
2024-05-02,TAVG,GHCND:USW00093738,"H,,S,",22.8
2024-05-02,TMAX,GHCND:USW00093738,",,W,2400",32.8
2024-05-02,TMIN,GHCND:USW00093738,",,W,2400",12.8
2024-05-03,TAVG,GHCND:USW00093738,"H,,S,",21.7
2024-05-03,TMAX,GHCND:USW00093738,",,W,2400",25.6
2024-05-03,TMIN,GHCND:USW00093738,",,W,2400",12.2
2024-05-04,TAVG,GHCND:USW00093738,"H,,S,",12.7
2024-05-04,TMAX,GHCND:USW00093738,",,W,2400",13.3
2024-05-04,TMIN,GHCND:USW00093738,",,W,2400",11.1
2024-05-05,TAVG,GHCND:USW00093738,"H,,S,",14.3
2024-05-05,TMAX,GHCND:USW00093738,",,W,2400",20.6
2024-05-05,TMIN,GHCND:USW00093738,",,W,2400",11.7
2024-05-06,TAVG,GHCND:USW00093738,"H,,S,",20.1
2024-05-06,TMAX,GHCND:USW00093738,",,W,2400",25.6
2024-05-06,TMIN,GHCND:USW00093738,",,W,2400",16.7
2024-05-07,TAVG,GHCND:USW00093738,"H,,S,",22.1
2024-05-07,TMAX,GHCND:USW00093738,",,W,2400",27.2
2024-05-07,TMIN,GHCND:USW00093738,",,W,2400",18.3
2024-05-08,TAVG,GHCND:USW00093738,"H,,S,",24.4
2024-05-08,TMAX,GHCND:USW00093738,",,W,2400",30.0
2024-05-08,TMIN,GHCND:USW00093738,",,W,2400",18.3
2024-05-09,TAVG,GHCND:USW00093738,"H,,S,",21.0
2024-05-09,TMAX,GHCND:USW00093738,",,W,2400",23.3
2024-05-09,TMIN,GHCND:USW00093738,",,W,2400",15.6
2024-05-10,TAVG,GHCND:USW00093738,"H,,S,",15.4
2024-05-10,TMAX,GHCND:USW00093738,",,W,2400",17.8
2024-05-10,TMIN,GHCND:USW00093738,",,W,2400",10.0
2024-05-11,TAVG,GHCND:USW00093738,"H,,S,",13.0
2024-05-11,TMAX,GHCND:USW00093738,",,W,2400",19.4
2024-05-11,TMIN,GHCND:USW00093738,",,W,2400",7.2
2024-05-12,TAVG,GHCND:USW00093738,"H,,S,",14.1
2024-05-12,TMAX,GHCND:USW00093738,",,W,2400",20.6
2024-05-12,TMIN,GHCND:USW00093738,",,W,2400",8.9
2024-05-13,TAVG,GHCND:USW00093738,"H,,S,",16.4
2024-05-13,TMAX,GHCND:USW00093738,",,W,2400",26.1
2024-05-13,TMIN,GHCND:USW00093738,",,W,2400",6.7
2024-05-14,TAVG,GHCND:USW00093738,"H,,S,",18.3
2024-05-14,TMAX,GHCND:USW00093738,",,W,2400",19.4
2024-05-14,TMIN,GHCND:USW00093738,",,W,2400",15.6
2024-05-15,TAVG,GHCND:USW00093738,"H,,S,",17.0
2024-05-15,TMAX,GHCND:USW00093738,",,W,2400",19.4
2024-05-15,TMIN,GHCND:USW00093738,",,W,2400",13.9
2024-05-16,TAVG,GHCND:USW00093738,"H,,S,",19.8
2024-05-16,TMAX,GHCND:USW00093738,",,W,2400",26.7
2024-05-16,TMIN,GHCND:USW00093738,",,W,2400",12.2
2024-05-17,TAVG,GHCND:USW00093738,"H,,S,",19.3
2024-05-17,TMAX,GHCND:USW00093738,",,W,2400",21.7
2024-05-17,TMIN,GHCND:USW00093738,",,W,2400",15.0
2024-05-18,TAVG,GHCND:USW00093738,"H,,S,",17.1
2024-05-18,TMAX,GHCND:USW00093738,",,W,2400",17.8
2024-05-18,TMIN,GHCND:USW00093738,",,W,2400",16.1
2024-05-19,TAVG,GHCND:USW00093738,"H,,S,",19.2
2024-05-19,TMAX,GHCND:USW00093738,",,W,2400",24.4
2024-05-19,TMIN,GHCND:USW00093738,",,W,2400",14.4
2024-05-20,TAVG,GHCND:USW00093738,"H,,S,",18.9
2024-05-20,TMAX,GHCND:USW00093738,",,W,2400",27.2
2024-05-20,TMIN,GHCND:USW00093738,",,W,2400",12.2
2024-05-21,TAVG,GHCND:USW00093738,"H,,S,",22.6
2024-05-21,TMAX,GHCND:USW00093738,",,W,2400",30.0
2024-05-21,TMIN,GHCND:USW00093738,",,W,2400",13.9
2024-05-22,TAVG,GHCND:USW00093738,"H,,S,",24.3
2024-05-22,TMAX,GHCND:USW00093738,",,W,2400",32.8
2024-05-22,TMIN,GHCND:USW00093738,",,W,2400",17.8
2024-05-23,TAVG,GHCND:USW00093738,"H,,S,",25.6
2024-05-23,TMAX,GHCND:USW00093738,",,W,2400",30.6
2024-05-23,TMIN,GHCND:USW00093738,",,W,2400",19.4
2024-05-24,TAVG,GHCND:USW00093738,"H,,S,",23.8
2024-05-24,TMAX,GHCND:USW00093738,",,W,2400",30.6
2024-05-24,TMIN,GHCND:USW00093738,",,W,2400",18.9
2024-05-25,TAVG,GHCND:USW00093738,"H,,S,",24.4
2024-05-25,TMAX,GHCND:USW00093738,",,W,2400",31.7
2024-05-25,TMIN,GHCND:USW00093738,",,W,2400",16.7
2024-05-26,TAVG,GHCND:USW00093738,"H,,S,",24.4
2024-05-26,TMAX,GHCND:USW00093738,",,W,2400",31.7
2024-05-26,TMIN,GHCND:USW00093738,",,W,2400",18.9
2024-05-27,TAVG,GHCND:USW00093738,"H,,S,",23.2
2024-05-27,TMAX,GHCND:USW00093738,",,W,2400",28.9
2024-05-27,TMIN,GHCND:USW00093738,",,W,2400",17.8
2024-05-28,TAVG,GHCND:USW00093738,"H,,S,",22.6
2024-05-28,TMAX,GHCND:USW00093738,",,W,2400",27.8
2024-05-28,TMIN,GHCND:USW00093738,",,W,2400",16.1
2024-05-29,TAVG,GHCND:USW00093738,"H,,S,",18.2
2024-05-29,TMAX,GHCND:USW00093738,",,W,2400",25.6
2024-05-29,TMIN,GHCND:USW00093738,",,W,2400",12.8
2024-05-30,TAVG,GHCND:USW00093738,"H,,S,",18.2
2024-05-30,TMAX,GHCND:USW00093738,",,W,2400",23.9
2024-05-30,TMIN,GHCND:USW00093738,",,W,2400",13.3
2024-05-31,TAVG,GHCND:USW00093738,"H,,S,",17.9
2024-05-31,TMAX,GHCND:USW00093738,",,W,2400",25.0
2024-05-31,TMIN,GHCND:USW00093738,",,W,2400",10.0
2024-06-01,TAVG,GHCND:USW00093738,"H,,S,",19.1
2024-06-01,TMAX,GHCND:USW00093738,",,W,2400",28.9
2024-06-01,TMIN,GHCND:USW00093738,",,W,2400",8.3
2024-06-02,TAVG,GHCND:USW00093738,"H,,S,",22.1
2024-06-02,TMAX,GHCND:USW00093738,",,W,2400",28.9
2024-06-02,TMIN,GHCND:USW00093738,",,W,2400",14.4
2024-06-03,TAVG,GHCND:USW00093738,"H,,S,",24.3
2024-06-03,TMAX,GHCND:USW00093738,",,W,2400",29.4
2024-06-03,TMIN,GHCND:USW00093738,",,W,2400",17.8
2024-06-04,TAVG,GHCND:USW00093738,"H,,S,",24.6
2024-06-04,TMAX,GHCND:USW00093738,",,W,2400",32.2
2024-06-04,TMIN,GHCND:USW00093738,",,W,2400",16.7
2024-06-05,TAVG,GHCND:USW00093738,"H,,S,",24.8
2024-06-05,TMAX,GHCND:USW00093738,",,W,2400",27.8
2024-06-05,TMIN,GHCND:USW00093738,",,W,2400",21.7
2024-06-06,TAVG,GHCND:USW00093738,"H,,S,",25.9
2024-06-06,TMAX,GHCND:USW00093738,",,W,2400",31.1
2024-06-06,TMIN,GHCND:USW00093738,",,W,2400",20.0
2024-06-07,TAVG,GHCND:USW00093738,"H,,S,",25.4
2024-06-07,TMAX,GHCND:USW00093738,",,W,2400",30.0
2024-06-07,TMIN,GHCND:USW00093738,",,W,2400",15.0
2024-06-08,TAVG,GHCND:USW00093738,"H,,S,",22.6
2024-06-08,TMAX,GHCND:USW00093738,",,W,2400",30.6
2024-06-08,TMIN,GHCND:USW00093738,",,W,2400",12.8
2024-06-09,TAVG,GHCND:USW00093738,"H,,S,",23.2
2024-06-09,TMAX,GHCND:USW00093738,",,W,2400",28.9
2024-06-09,TMIN,GHCND:USW00093738,",,W,2400",17.2
2024-06-10,TAVG,GHCND:USW00093738,"H,,S,",21.9
2024-06-10,TMAX,GHCND:USW00093738,",,W,2400",27.2
2024-06-10,TMIN,GHCND:USW00093738,",,W,2400",13.3
2024-06-11,TAVG,GHCND:USW00093738,"H,,S,",20.0
2024-06-11,TMAX,GHCND:USW00093738,",,W,2400",23.9
2024-06-11,TMIN,GHCND:USW00093738,",,W,2400",13.3
2024-06-12,TAVG,GHCND:USW00093738,"H,,S,",20.0
2024-06-12,TMAX,GHCND:USW00093738,",,W,2400",28.9
2024-06-12,TMIN,GHCND:USW00093738,",,W,2400",11.7
2024-06-13,TAVG,GHCND:USW00093738,"H,,S,",25.2
2024-06-13,TMAX,GHCND:USW00093738,",,W,2400",32.8
2024-06-13,TMIN,GHCND:USW00093738,",,W,2400",17.2
2024-06-14,TAVG,GHCND:USW00093738,"H,,S,",27.2
2024-06-14,TMAX,GHCND:USW00093738,",,W,2400",33.3
2024-06-14,TMIN,GHCND:USW00093738,",,W,2400",20.0
2024-06-15,TAVG,GHCND:USW00093738,"H,,S,",23.8
2024-06-15,TMAX,GHCND:USW00093738,",,W,2400",28.9
2024-06-15,TMIN,GHCND:USW00093738,",,W,2400",15.6
2024-06-16,TAVG,GHCND:USW00093738,"H,,S,",22.4
2024-06-16,TMAX,GHCND:USW00093738,",,W,2400",30.0
2024-06-16,TMIN,GHCND:USW00093738,",,W,2400",13.3
2024-06-17,TAVG,GHCND:USW00093738,"H,,S,",25.7
2024-06-17,TMAX,GHCND:USW00093738,",,W,2400",32.8
2024-06-17,TMIN,GHCND:USW00093738,",,W,2400",20.0
2024-06-18,TAVG,GHCND:USW00093738,"H,,S,",27.6
2024-06-18,TMAX,GHCND:USW00093738,",,W,2400",33.3
2024-06-18,TMIN,GHCND:USW00093738,",,W,2400",22.2
2024-06-19,TAVG,GHCND:USW00093738,"H,,S,",26.4
2024-06-19,TMAX,GHCND:USW00093738,",,W,2400",31.7
2024-06-19,TMIN,GHCND:USW00093738,",,W,2400",20.0
2024-06-20,TAVG,GHCND:USW00093738,"H,,S,",26.1
2024-06-20,TMAX,GHCND:USW00093738,",,W,2400",32.8
2024-06-20,TMIN,GHCND:USW00093738,",,W,2400",18.9
2024-06-21,TAVG,GHCND:USW00093738,"H,,S,",27.7
2024-06-21,TMAX,GHCND:USW00093738,",,W,2400",36.1
2024-06-21,TMIN,GHCND:USW00093738,",,W,2400",18.9
2024-06-22,TAVG,GHCND:USW00093738,"H,,S,",30.3
2024-06-22,TMAX,GHCND:USW00093738,",,W,2400",37.8
2024-06-22,TMIN,GHCND:USW00093738,",,W,2400",23.9
2024-06-23,TAVG,GHCND:USW00093738,"H,,S,",31.3
2024-06-23,TMAX,GHCND:USW00093738,",,W,2400",36.7
2024-06-23,TMIN,GHCND:USW00093738,",,W,2400",25.6
2024-06-24,TAVG,GHCND:USW00093738,"H,,S,",28.8
2024-06-24,TMAX,GHCND:USW00093738,",,W,2400",31.7
2024-06-24,TMIN,GHCND:USW00093738,",,W,2400",17.8
2024-06-25,TAVG,GHCND:USW00093738,"H,,S,",25.2
2024-06-25,TMAX,GHCND:USW00093738,",,W,2400",33.3
2024-06-25,TMIN,GHCND:USW00093738,",,W,2400",13.9
2024-06-26,TAVG,GHCND:USW00093738,"H,,S,",29.2
2024-06-26,TMAX,GHCND:USW00093738,",,W,2400",37.2
2024-06-26,TMIN,GHCND:USW00093738,",,W,2400",21.1
2024-06-27,TAVG,GHCND:USW00093738,"H,,S,",25.6
2024-06-27,TMAX,GHCND:USW00093738,",,W,2400",32.2
2024-06-27,TMIN,GHCND:USW00093738,",,W,2400",21.1
2024-06-28,TAVG,GHCND:USW00093738,"H,,S,",25.1
2024-06-28,TMAX,GHCND:USW00093738,",,W,2400",28.9
2024-06-28,TMIN,GHCND:USW00093738,",,W,2400",19.4
2024-06-29,TAVG,GHCND:USW00093738,"H,,S,",26.0
2024-06-29,TMAX,GHCND:USW00093738,",,W,2400",33.9
2024-06-29,TMIN,GHCND:USW00093738,",,W,2400",21.1
2024-06-30,TAVG,GHCND:USW00093738,"H,,S,",29.7
2024-06-30,TMAX,GHCND:USW00093738,",,W,2400",36.1
2024-06-30,TMIN,GHCND:USW00093738,",,W,2400",23.3
2024-07-01,TAVG,GHCND:USW00093738,"H,,S,",23.5
2024-07-01,TMAX,GHCND:USW00093738,",,W,2400",26.7
2024-07-01,TMIN,GHCND:USW00093738,",,W,2400",16.1
2024-07-02,TAVG,GHCND:USW00093738,"H,,S,",22.4
2024-07-02,TMAX,GHCND:USW00093738,",,W,2400",30.6
2024-07-02,TMIN,GHCND:USW00093738,",,W,2400",14.4
2024-07-03,TAVG,GHCND:USW00093738,"H,,S,",25.1
2024-07-03,TMAX,GHCND:USW00093738,",,W,2400",31.7
2024-07-03,TMIN,GHCND:USW00093738,",,W,2400",18.3
2024-07-04,TAVG,GHCND:USW00093738,"H,,S,",27.1
2024-07-04,TMAX,GHCND:USW00093738,",,W,2400",35.0
2024-07-04,TMIN,GHCND:USW00093738,",,W,2400",22.2
2024-07-05,TAVG,GHCND:USW00093738,"H,,S,",28.7
2024-07-05,TMAX,GHCND:USW00093738,",,W,2400",36.7
2024-07-05,TMIN,GHCND:USW00093738,",,W,2400",23.9
2024-07-06,TAVG,GHCND:USW00093738,"H,,S,",31.2
2024-07-06,TMAX,GHCND:USW00093738,",,W,2400",37.2
2024-07-06,TMIN,GHCND:USW00093738,",,W,2400",24.4
2024-07-07,TAVG,GHCND:USW00093738,"H,,S,",30.6
2024-07-07,TMAX,GHCND:USW00093738,",,W,2400",35.6
2024-07-07,TMIN,GHCND:USW00093738,",,W,2400",23.9
2024-07-08,TAVG,GHCND:USW00093738,"H,,S,",28.8
2024-07-08,TMAX,GHCND:USW00093738,",,W,2400",35.6
2024-07-08,TMIN,GHCND:USW00093738,",,W,2400",21.7
2024-07-09,TAVG,GHCND:USW00093738,"H,,S,",30.1
2024-07-09,TMAX,GHCND:USW00093738,",,W,2400",36.7
2024-07-09,TMIN,GHCND:USW00093738,",,W,2400",24.4
2024-07-10,TAVG,GHCND:USW00093738,"H,,S,",30.3
2024-07-10,TMAX,GHCND:USW00093738,",,W,2400",34.4
2024-07-10,TMIN,GHCND:USW00093738,",,W,2400",25.0
2024-07-11,TAVG,GHCND:USW00093738,"H,,S,",27.2
2024-07-11,TMAX,GHCND:USW00093738,",,W,2400",32.8
2024-07-11,TMIN,GHCND:USW00093738,",,W,2400",18.9
2024-07-12,TAVG,GHCND:USW00093738,"H,,S,",24.6
2024-07-12,TMAX,GHCND:USW00093738,",,W,2400",26.7
2024-07-12,TMIN,GHCND:USW00093738,",,W,2400",21.1
2024-07-13,TAVG,GHCND:USW00093738,"H,,S,",26.7
2024-07-13,TMAX,GHCND:USW00093738,",,W,2400",33.9
2024-07-13,TMIN,GHCND:USW00093738,",,W,2400",22.8
2024-07-14,TAVG,GHCND:USW00093738,"H,,S,",29.9
2024-07-14,TMAX,GHCND:USW00093738,",,W,2400",36.7
2024-07-14,TMIN,GHCND:USW00093738,",,W,2400",23.3
2024-07-15,TAVG,GHCND:USW00093738,"H,,S,",30.3
2024-07-15,TMAX,GHCND:USW00093738,",,W,2400",37.2
2024-07-15,TMIN,GHCND:USW00093738,",,W,2400",23.9
2024-07-16,TAVG,GHCND:USW00093738,"H,,S,",30.1
2024-07-16,TMAX,GHCND:USW00093738,",,W,2400",38.3
2024-07-16,TMIN,GHCND:USW00093738,",,W,2400",22.8
2024-07-17,TAVG,GHCND:USW00093738,"H,,S,",29.6
2024-07-17,TMAX,GHCND:USW00093738,",,W,2400",36.7
2024-07-17,TMIN,GHCND:USW00093738,",,W,2400",23.9
2024-07-18,TAVG,GHCND:USW00093738,"H,,S,",25.8
2024-07-18,TMAX,GHCND:USW00093738,",,W,2400",29.4
2024-07-18,TMIN,GHCND:USW00093738,",,W,2400",22.2
2024-07-19,TAVG,GHCND:USW00093738,"H,,S,",25.2
2024-07-19,TMAX,GHCND:USW00093738,",,W,2400",30.0
2024-07-19,TMIN,GHCND:USW00093738,",,W,2400",20.6
2024-07-20,TAVG,GHCND:USW00093738,"H,,S,",24.9
2024-07-20,TMAX,GHCND:USW00093738,",,W,2400",28.3
2024-07-20,TMIN,GHCND:USW00093738,",,W,2400",20.6
2024-07-21,TAVG,GHCND:USW00093738,"H,,S,",25.4
2024-07-21,TMAX,GHCND:USW00093738,",,W,2400",33.3
2024-07-21,TMIN,GHCND:USW00093738,",,W,2400",18.9
2024-07-22,TAVG,GHCND:USW00093738,"H,,S,",26.6
2024-07-22,TMAX,GHCND:USW00093738,",,W,2400",30.0
2024-07-22,TMIN,GHCND:USW00093738,",,W,2400",21.7
2024-07-23,TAVG,GHCND:USW00093738,"H,,S,",25.6
2024-07-23,TMAX,GHCND:USW00093738,",,W,2400",33.3
2024-07-23,TMIN,GHCND:USW00093738,",,W,2400",19.4
2024-07-24,TAVG,GHCND:USW00093738,"H,,S,",25.4
2024-07-24,TMAX,GHCND:USW00093738,",,W,2400",31.7
2024-07-24,TMIN,GHCND:USW00093738,",,W,2400",22.8
2024-07-25,TAVG,GHCND:USW00093738,"H,,S,",25.6
2024-07-25,TMAX,GHCND:USW00093738,",,W,2400",30.6
2024-07-25,TMIN,GHCND:USW00093738,",,W,2400",21.7
2024-07-26,TAVG,GHCND:USW00093738,"H,,S,",24.8
2024-07-26,TMAX,GHCND:USW00093738,",,W,2400",29.4
2024-07-26,TMIN,GHCND:USW00093738,",,W,2400",18.3
2024-07-27,TAVG,GHCND:USW00093738,"H,,S,",24.0
2024-07-27,TMAX,GHCND:USW00093738,",,W,2400",31.7
2024-07-27,TMIN,GHCND:USW00093738,",,W,2400",15.6
2024-07-28,TAVG,GHCND:USW00093738,"H,,S,",25.2
2024-07-28,TMAX,GHCND:USW00093738,",,W,2400",32.8
2024-07-28,TMIN,GHCND:USW00093738,",,W,2400",16.1
2024-07-29,TAVG,GHCND:USW00093738,"H,,S,",27.6
2024-07-29,TMAX,GHCND:USW00093738,",,W,2400",35.6
2024-07-29,TMIN,GHCND:USW00093738,",,W,2400",20.6
2024-07-30,TAVG,GHCND:USW00093738,"H,,S,",26.3
2024-07-30,TMAX,GHCND:USW00093738,",,W,2400",31.7
2024-07-30,TMIN,GHCND:USW00093738,",,W,2400",23.3
2024-07-31,TAVG,GHCND:USW00093738,"H,,S,",27.6
2024-07-31,TMAX,GHCND:USW00093738,",,W,2400",36.1
2024-07-31,TMIN,GHCND:USW00093738,",,W,2400",22.8
2024-08-01,TAVG,GHCND:USW00093738,"H,,S,",28.8
2024-08-01,TMAX,GHCND:USW00093738,",,W,2400",37.2
2024-08-01,TMIN,GHCND:USW00093738,",,W,2400",20.6
2024-08-02,TAVG,GHCND:USW00093738,"H,,S,",30.9
2024-08-02,TMAX,GHCND:USW00093738,",,W,2400",38.3
2024-08-02,TMIN,GHCND:USW00093738,",,W,2400",23.9
2024-08-03,TAVG,GHCND:USW00093738,"H,,S,",28.0
2024-08-03,TMAX,GHCND:USW00093738,",,W,2400",36.1
2024-08-03,TMIN,GHCND:USW00093738,",,W,2400",21.1
2024-08-04,TAVG,GHCND:USW00093738,"H,,S,",25.4
2024-08-04,TMAX,GHCND:USW00093738,",,W,2400",31.7
2024-08-04,TMIN,GHCND:USW00093738,",,W,2400",22.2
2024-08-05,TAVG,GHCND:USW00093738,"H,,S,",28.1
2024-08-05,TMAX,GHCND:USW00093738,",,W,2400",36.1
2024-08-05,TMIN,GHCND:USW00093738,",,W,2400",20.6
2024-08-06,TAVG,GHCND:USW00093738,"H,,S,",29.4
2024-08-06,TMAX,GHCND:USW00093738,",,W,2400",35.6
2024-08-06,TMIN,GHCND:USW00093738,",,W,2400",24.4
2024-08-07,TAVG,GHCND:USW00093738,"H,,S,",27.6
2024-08-07,TMAX,GHCND:USW00093738,",,W,2400",32.8
2024-08-07,TMIN,GHCND:USW00093738,",,W,2400",24.4
2024-08-08,TAVG,GHCND:USW00093738,"H,,S,",25.1
2024-08-08,TMAX,GHCND:USW00093738,",,W,2400",26.1
2024-08-08,TMIN,GHCND:USW00093738,",,W,2400",23.3
2024-08-09,TAVG,GHCND:USW00093738,"H,,S,",26.3
2024-08-09,TMAX,GHCND:USW00093738,",,W,2400",30.0
2024-08-09,TMIN,GHCND:USW00093738,",,W,2400",23.3
2024-08-10,TAVG,GHCND:USW00093738,"H,,S,",26.9
2024-08-10,TMAX,GHCND:USW00093738,",,W,2400",32.2
2024-08-10,TMIN,GHCND:USW00093738,",,W,2400",21.1
2024-08-11,TAVG,GHCND:USW00093738,"H,,S,",24.9
2024-08-11,TMAX,GHCND:USW00093738,",,W,2400",28.9
2024-08-11,TMIN,GHCND:USW00093738,",,W,2400",17.8
2024-08-12,TAVG,GHCND:USW00093738,"H,,S,",22.9
2024-08-12,TMAX,GHCND:USW00093738,",,W,2400",29.4
2024-08-12,TMIN,GHCND:USW00093738,",,W,2400",16.1
2024-08-13,TAVG,GHCND:USW00093738,"H,,S,",23.6
2024-08-13,TMAX,GHCND:USW00093738,",,W,2400",29.4
2024-08-13,TMIN,GHCND:USW00093738,",,W,2400",16.7
2024-08-14,TAVG,GHCND:USW00093738,"H,,S,",23.4
2024-08-14,TMAX,GHCND:USW00093738,",,W,2400",29.4
2024-08-14,TMIN,GHCND:USW00093738,",,W,2400",16.7
2024-08-15,TAVG,GHCND:USW00093738,"H,,S,",23.7
2024-08-15,TMAX,GHCND:USW00093738,",,W,2400",31.7
2024-08-15,TMIN,GHCND:USW00093738,",,W,2400",16.1
2024-08-16,TAVG,GHCND:USW00093738,"H,,S,",24.2
2024-08-16,TMAX,GHCND:USW00093738,",,W,2400",31.7
2024-08-16,TMIN,GHCND:USW00093738,",,W,2400",16.1
2024-08-17,TAVG,GHCND:USW00093738,"H,,S,",25.7
2024-08-17,TMAX,GHCND:USW00093738,",,W,2400",30.6
2024-08-17,TMIN,GHCND:USW00093738,",,W,2400",21.1
2024-08-18,TAVG,GHCND:USW00093738,"H,,S,",24.5
2024-08-18,TMAX,GHCND:USW00093738,",,W,2400",31.7
2024-08-18,TMIN,GHCND:USW00093738,",,W,2400",21.7
2024-08-19,TAVG,GHCND:USW00093738,"H,,S,",24.2
2024-08-19,TMAX,GHCND:USW00093738,",,W,2400",29.4
2024-08-19,TMIN,GHCND:USW00093738,",,W,2400",19.4
2024-08-20,TAVG,GHCND:USW00093738,"H,,S,",20.7
2024-08-20,TMAX,GHCND:USW00093738,",,W,2400",23.3
2024-08-20,TMIN,GHCND:USW00093738,",,W,2400",14.4
2024-08-21,TAVG,GHCND:USW00093738,"H,,S,",18.0
2024-08-21,TMAX,GHCND:USW00093738,",,W,2400",25.0
2024-08-21,TMIN,GHCND:USW00093738,",,W,2400",10.0
2024-08-22,TAVG,GHCND:USW00093738,"H,,S,",18.0
2024-08-22,TMAX,GHCND:USW00093738,",,W,2400",25.6
2024-08-22,TMIN,GHCND:USW00093738,",,W,2400",9.4
2024-08-23,TAVG,GHCND:USW00093738,"H,,S,",19.2
2024-08-23,TMAX,GHCND:USW00093738,",,W,2400",28.9
2024-08-23,TMIN,GHCND:USW00093738,",,W,2400",10.6
2024-08-24,TAVG,GHCND:USW00093738,"H,,S,",21.8
2024-08-24,TMAX,GHCND:USW00093738,",,W,2400",30.0
2024-08-24,TMIN,GHCND:USW00093738,",,W,2400",14.4
2024-08-25,TAVG,GHCND:USW00093738,"H,,S,",23.5
2024-08-25,TMAX,GHCND:USW00093738,",,W,2400",32.2
2024-08-25,TMIN,GHCND:USW00093738,",,W,2400",14.4
2024-08-26,TAVG,GHCND:USW00093738,"H,,S,",25.1
2024-08-26,TMAX,GHCND:USW00093738,",,W,2400",32.8
2024-08-26,TMIN,GHCND:USW00093738,",,W,2400",19.4
2024-08-27,TAVG,GHCND:USW00093738,"H,,S,",26.3
2024-08-27,TMAX,GHCND:USW00093738,",,W,2400",33.9
2024-08-27,TMIN,GHCND:USW00093738,",,W,2400",18.9
2024-08-28,TAVG,GHCND:USW00093738,"H,,S,",29.8
2024-08-28,TMAX,GHCND:USW00093738,",,W,2400",37.2
2024-08-28,TMIN,GHCND:USW00093738,",,W,2400",22.2
2024-08-29,TAVG,GHCND:USW00093738,"H,,S,",27.7
2024-08-29,TMAX,GHCND:USW00093738,",,W,2400",33.9
2024-08-29,TMIN,GHCND:USW00093738,",,W,2400",21.7
2024-08-30,TAVG,GHCND:USW00093738,"H,,S,",22.2
2024-08-30,TMAX,GHCND:USW00093738,",,W,2400",23.9
2024-08-30,TMIN,GHCND:USW00093738,",,W,2400",21.1
2024-08-31,TAVG,GHCND:USW00093738,"H,,S,",23.4
2024-08-31,TMAX,GHCND:USW00093738,",,W,2400",28.3
2024-08-31,TMIN,GHCND:USW00093738,",,W,2400",20.6
2024-09-01,TAVG,GHCND:USW00093738,"H,,S,",23.2
2024-09-01,TMAX,GHCND:USW00093738,",,W,2400",30.0
2024-09-01,TMIN,GHCND:USW00093738,",,W,2400",19.4
2024-09-02,TAVG,GHCND:USW00093738,"H,,S,",23.1
2024-09-02,TMAX,GHCND:USW00093738,",,W,2400",25.6
2024-09-02,TMIN,GHCND:USW00093738,",,W,2400",14.4
2024-09-03,TAVG,GHCND:USW00093738,"H,,S,",19.1
2024-09-03,TMAX,GHCND:USW00093738,",,W,2400",23.9
2024-09-03,TMIN,GHCND:USW00093738,",,W,2400",11.7
2024-09-04,TAVG,GHCND:USW00093738,"H,,S,",17.4
2024-09-04,TMAX,GHCND:USW00093738,",,W,2400",25.0
2024-09-04,TMIN,GHCND:USW00093738,",,W,2400",10.6
2024-09-05,TAVG,GHCND:USW00093738,"H,,S,",18.7
2024-09-05,TMAX,GHCND:USW00093738,",,W,2400",25.6
2024-09-05,TMIN,GHCND:USW00093738,",,W,2400",11.1
2024-09-06,TAVG,GHCND:USW00093738,"H,,S,",20.2
2024-09-06,TMAX,GHCND:USW00093738,",,W,2400",26.7
2024-09-06,TMIN,GHCND:USW00093738,",,W,2400",13.9
2024-09-07,TAVG,GHCND:USW00093738,"H,,S,",19.7
2024-09-07,TMAX,GHCND:USW00093738,",,W,2400",24.4
2024-09-07,TMIN,GHCND:USW00093738,",,W,2400",13.9
2024-09-08,TAVG,GHCND:USW00093738,"H,,S,",17.2
2024-09-08,TMAX,GHCND:USW00093738,",,W,2400",23.3
2024-09-08,TMIN,GHCND:USW00093738,",,W,2400",7.8
2024-09-09,TAVG,GHCND:USW00093738,"H,,S,",15.9
2024-09-09,TMAX,GHCND:USW00093738,",,W,2400",25.6
2024-09-09,TMIN,GHCND:USW00093738,",,W,2400",6.1
2024-09-10,TAVG,GHCND:USW00093738,"H,,S,",18.7
2024-09-10,TMAX,GHCND:USW00093738,",,W,2400",29.4
2024-09-10,TMIN,GHCND:USW00093738,",,W,2400",9.4
2024-09-11,TAVG,GHCND:USW00093738,"H,,S,",20.9
2024-09-11,TMAX,GHCND:USW00093738,",,W,2400",30.0
2024-09-11,TMIN,GHCND:USW00093738,",,W,2400",12.8
2024-09-12,TAVG,GHCND:USW00093738,"H,,S,",21.2
2024-09-12,TMAX,GHCND:USW00093738,",,W,2400",27.8
2024-09-12,TMIN,GHCND:USW00093738,",,W,2400",13.9
2024-09-13,TAVG,GHCND:USW00093738,"H,,S,",20.3
2024-09-13,TMAX,GHCND:USW00093738,",,W,2400",27.2
2024-09-13,TMIN,GHCND:USW00093738,",,W,2400",13.9
2024-09-14,TAVG,GHCND:USW00093738,"H,,S,",22.0
2024-09-14,TMAX,GHCND:USW00093738,",,W,2400",29.4
2024-09-14,TMIN,GHCND:USW00093738,",,W,2400",14.4
2024-09-15,TAVG,GHCND:USW00093738,"H,,S,",20.4
2024-09-15,TMAX,GHCND:USW00093738,",,W,2400",27.8
2024-09-15,TMIN,GHCND:USW00093738,",,W,2400",12.8
2024-09-16,TAVG,GHCND:USW00093738,"H,,S,",20.1
2024-09-16,TMAX,GHCND:USW00093738,",,W,2400",25.0
2024-09-16,TMIN,GHCND:USW00093738,",,W,2400",15.6
2024-09-17,TAVG,GHCND:USW00093738,"H,,S,",21.6
2024-09-17,TMAX,GHCND:USW00093738,",,W,2400",26.1
2024-09-17,TMIN,GHCND:USW00093738,",,W,2400",18.9
2024-09-18,TAVG,GHCND:USW00093738,"H,,S,",21.3
2024-09-18,TMAX,GHCND:USW00093738,",,W,2400",23.9
2024-09-18,TMIN,GHCND:USW00093738,",,W,2400",19.4
2024-09-19,TAVG,GHCND:USW00093738,"H,,S,",23.0
2024-09-19,TMAX,GHCND:USW00093738,",,W,2400",27.8
2024-09-19,TMIN,GHCND:USW00093738,",,W,2400",18.9
2024-09-20,TAVG,GHCND:USW00093738,"H,,S,",22.2
2024-09-20,TMAX,GHCND:USW00093738,",,W,2400",30.0
2024-09-20,TMIN,GHCND:USW00093738,",,W,2400",15.0
2024-09-21,TAVG,GHCND:USW00093738,"H,,S,",22.3
2024-09-21,TMAX,GHCND:USW00093738,",,W,2400",28.3
2024-09-21,TMIN,GHCND:USW00093738,",,W,2400",18.3
2024-09-22,TAVG,GHCND:USW00093738,"H,,S,",21.2
2024-09-22,TMAX,GHCND:USW00093738,",,W,2400",23.3
2024-09-22,TMIN,GHCND:USW00093738,",,W,2400",17.8
2024-09-23,TAVG,GHCND:USW00093738,"H,,S,",19.3
2024-09-23,TMAX,GHCND:USW00093738,",,W,2400",20.0
2024-09-23,TMIN,GHCND:USW00093738,",,W,2400",16.7
2024-09-24,TAVG,GHCND:USW00093738,"H,,S,",17.3
2024-09-24,TMAX,GHCND:USW00093738,",,W,2400",18.9
2024-09-24,TMIN,GHCND:USW00093738,",,W,2400",16.1
2024-09-25,TAVG,GHCND:USW00093738,"H,,S,",19.4
2024-09-25,TMAX,GHCND:USW00093738,",,W,2400",22.8
2024-09-25,TMIN,GHCND:USW00093738,",,W,2400",17.8
2024-09-26,TAVG,GHCND:USW00093738,"H,,S,",22.8
2024-09-26,TMAX,GHCND:USW00093738,",,W,2400",26.1
2024-09-26,TMIN,GHCND:USW00093738,",,W,2400",21.1
2024-09-27,TAVG,GHCND:USW00093738,"H,,S,",23.1
2024-09-27,TMAX,GHCND:USW00093738,",,W,2400",25.0
2024-09-27,TMIN,GHCND:USW00093738,",,W,2400",21.1
2024-09-28,TAVG,GHCND:USW00093738,"H,,S,",24.7
2024-09-28,TMAX,GHCND:USW00093738,",,W,2400",28.9
2024-09-28,TMIN,GHCND:USW00093738,",,W,2400",21.7
2024-09-29,TAVG,GHCND:USW00093738,"H,,S,",20.9
2024-09-29,TMAX,GHCND:USW00093738,",,W,2400",21.7
2024-09-29,TMIN,GHCND:USW00093738,",,W,2400",18.9
2024-09-30,TAVG,GHCND:USW00093738,"H,,S,",18.7
2024-09-30,TMAX,GHCND:USW00093738,",,W,2400",18.9
2024-09-30,TMIN,GHCND:USW00093738,",,W,2400",17.8
2024-10-01,TAVG,GHCND:USW00093738,"H,,S,",18.3
2024-10-01,TMAX,GHCND:USW00093738,",,W,2400",20.0
2024-10-01,TMIN,GHCND:USW00093738,",,W,2400",16.7
2024-10-02,TAVG,GHCND:USW00093738,"H,,S,",18.4
2024-10-02,TMAX,GHCND:USW00093738,",,W,2400",21.7
2024-10-02,TMIN,GHCND:USW00093738,",,W,2400",16.7
2024-10-03,TAVG,GHCND:USW00093738,"H,,S,",19.5
2024-10-03,TMAX,GHCND:USW00093738,",,W,2400",25.6
2024-10-03,TMIN,GHCND:USW00093738,",,W,2400",15.6
2024-10-04,TAVG,GHCND:USW00093738,"H,,S,",20.4
2024-10-04,TMAX,GHCND:USW00093738,",,W,2400",26.1
2024-10-04,TMIN,GHCND:USW00093738,",,W,2400",17.2
2024-10-05,TAVG,GHCND:USW00093738,"H,,S,",21.0
2024-10-05,TMAX,GHCND:USW00093738,",,W,2400",25.6
2024-10-05,TMIN,GHCND:USW00093738,",,W,2400",12.8
2024-10-06,TAVG,GHCND:USW00093738,"H,,S,",16.9
2024-10-06,TMAX,GHCND:USW00093738,",,W,2400",25.0
2024-10-06,TMIN,GHCND:USW00093738,",,W,2400",8.9
2024-10-07,TAVG,GHCND:USW00093738,"H,,S,",19.8
2024-10-07,TMAX,GHCND:USW00093738,",,W,2400",23.3
2024-10-07,TMIN,GHCND:USW00093738,",,W,2400",11.7
2024-10-08,TAVG,GHCND:USW00093738,"H,,S,",15.3
2024-10-08,TMAX,GHCND:USW00093738,",,W,2400",20.6
2024-10-08,TMIN,GHCND:USW00093738,",,W,2400",8.3
2024-10-09,TAVG,GHCND:USW00093738,"H,,S,",13.7
2024-10-09,TMAX,GHCND:USW00093738,",,W,2400",22.2
2024-10-09,TMIN,GHCND:USW00093738,",,W,2400",5.6
2024-10-10,TAVG,GHCND:USW00093738,"H,,S,",13.7
2024-10-10,TMAX,GHCND:USW00093738,",,W,2400",18.3
2024-10-10,TMIN,GHCND:USW00093738,",,W,2400",5.6
2024-10-11,TAVG,GHCND:USW00093738,"H,,S,",12.2
2024-10-11,TMAX,GHCND:USW00093738,",,W,2400",21.1
2024-10-11,TMIN,GHCND:USW00093738,",,W,2400",3.9
2024-10-12,TAVG,GHCND:USW00093738,"H,,S,",15.3
2024-10-12,TMAX,GHCND:USW00093738,",,W,2400",27.2
2024-10-12,TMIN,GHCND:USW00093738,",,W,2400",6.1
2024-10-13,TAVG,GHCND:USW00093738,"H,,S,",18.2
2024-10-13,TMAX,GHCND:USW00093738,",,W,2400",27.2
2024-10-13,TMIN,GHCND:USW00093738,",,W,2400",9.4
2024-10-14,TAVG,GHCND:USW00093738,"H,,S,",17.8
2024-10-14,TMAX,GHCND:USW00093738,",,W,2400",20.0
2024-10-14,TMIN,GHCND:USW00093738,",,W,2400",6.7
2024-10-15,TAVG,GHCND:USW00093738,"H,,S,",9.8
2024-10-15,TMAX,GHCND:USW00093738,",,W,2400",13.9
2024-10-15,TMIN,GHCND:USW00093738,",,W,2400",5.0
2024-10-16,TAVG,GHCND:USW00093738,"H,,S,",9.3
2024-10-16,TMAX,GHCND:USW00093738,",,W,2400",15.0
2024-10-16,TMIN,GHCND:USW00093738,",,W,2400",3.3
2024-10-17,TAVG,GHCND:USW00093738,"H,,S,",9.8
2024-10-17,TMAX,GHCND:USW00093738,",,W,2400",16.1
2024-10-17,TMIN,GHCND:USW00093738,",,W,2400",3.3
2024-10-18,TAVG,GHCND:USW00093738,"H,,S,",10.6
2024-10-18,TMAX,GHCND:USW00093738,",,W,2400",21.1
2024-10-18,TMIN,GHCND:USW00093738,",,W,2400",0.6
2024-10-19,TAVG,GHCND:USW00093738,"H,,S,",11.8
2024-10-19,TMAX,GHCND:USW00093738,",,W,2400",23.3
2024-10-19,TMIN,GHCND:USW00093738,",,W,2400",2.2
2024-10-20,TAVG,GHCND:USW00093738,"H,,S,",11.9
2024-10-20,TMAX,GHCND:USW00093738,",,W,2400",24.4
2024-10-20,TMIN,GHCND:USW00093738,",,W,2400",1.7
2024-10-21,TAVG,GHCND:USW00093738,"H,,S,",13.8
2024-10-21,TMAX,GHCND:USW00093738,",,W,2400",26.7
2024-10-21,TMIN,GHCND:USW00093738,",,W,2400",3.3
2024-10-22,TAVG,GHCND:USW00093738,"H,,S,",16.1
2024-10-22,TMAX,GHCND:USW00093738,",,W,2400",27.8
2024-10-22,TMIN,GHCND:USW00093738,",,W,2400",7.2
2024-10-23,TAVG,GHCND:USW00093738,"H,,S,",16.3
2024-10-23,TMAX,GHCND:USW00093738,",,W,2400",26.1
2024-10-23,TMIN,GHCND:USW00093738,",,W,2400",6.1
2024-10-24,TAVG,GHCND:USW00093738,"H,,S,",17.0
2024-10-24,TMAX,GHCND:USW00093738,",,W,2400",20.0
2024-10-24,TMIN,GHCND:USW00093738,",,W,2400",5.6
2024-10-25,TAVG,GHCND:USW00093738,"H,,S,",11.3
2024-10-25,TMAX,GHCND:USW00093738,",,W,2400",20.0
2024-10-25,TMIN,GHCND:USW00093738,",,W,2400",1.1
2024-10-26,TAVG,GHCND:USW00093738,"H,,S,",14.9
2024-10-26,TMAX,GHCND:USW00093738,",,W,2400",20.6
2024-10-26,TMIN,GHCND:USW00093738,",,W,2400",6.1
2024-10-27,TAVG,GHCND:USW00093738,"H,,S,",9.6
2024-10-27,TMAX,GHCND:USW00093738,",,W,2400",15.6
2024-10-27,TMIN,GHCND:USW00093738,",,W,2400",0.6
2024-10-28,TAVG,GHCND:USW00093738,"H,,S,",7.8
2024-10-28,TMAX,GHCND:USW00093738,",,W,2400",18.3
2024-10-28,TMIN,GHCND:USW00093738,",,W,2400",-0.5
2024-10-29,TAVG,GHCND:USW00093738,"H,,S,",11.5
2024-10-29,TMAX,GHCND:USW00093738,",,W,2400",20.0
2024-10-29,TMIN,GHCND:USW00093738,",,W,2400",2.2
2024-10-30,TAVG,GHCND:USW00093738,"H,,S,",15.5
2024-10-30,TMAX,GHCND:USW00093738,",,W,2400",27.2
2024-10-30,TMIN,GHCND:USW00093738,",,W,2400",6.7
2024-10-31,TAVG,GHCND:USW00093738,"H,,S,",20.6
2024-10-31,TMAX,GHCND:USW00093738,",,W,2400",28.3
2024-10-31,TMIN,GHCND:USW00093738,",,W,2400",13.3
2024-11-01,TAVG,GHCND:USW00093738,"H,,S,",22.0
2024-11-01,TMAX,GHCND:USW00093738,",,W,2400",27.2
2024-11-01,TMIN,GHCND:USW00093738,",,W,2400",13.3
2024-11-02,TAVG,GHCND:USW00093738,"H,,S,",13.8
2024-11-02,TMAX,GHCND:USW00093738,",,W,2400",17.8
2024-11-02,TMIN,GHCND:USW00093738,",,W,2400",4.4
2024-11-03,TAVG,GHCND:USW00093738,"H,,S,",9.1
2024-11-03,TMAX,GHCND:USW00093738,",,W,2400",16.7
2024-11-03,TMIN,GHCND:USW00093738,",,W,2400",2.2
2024-11-04,TAVG,GHCND:USW00093738,"H,,S,",8.3
2024-11-04,TMAX,GHCND:USW00093738,",,W,2400",16.1
2024-11-04,TMIN,GHCND:USW00093738,",,W,2400",0.6
2024-11-05,TAVG,GHCND:USW00093738,"H,,S,",16.6
2024-11-05,TMAX,GHCND:USW00093738,",,W,2400",25.6
2024-11-05,TMIN,GHCND:USW00093738,",,W,2400",10.6
2024-11-06,TAVG,GHCND:USW00093738,"H,,S,",21.6
2024-11-06,TMAX,GHCND:USW00093738,",,W,2400",28.3
2024-11-06,TMIN,GHCND:USW00093738,",,W,2400",16.1
2024-11-07,TAVG,GHCND:USW00093738,"H,,S,",20.6
2024-11-07,TMAX,GHCND:USW00093738,",,W,2400",26.7
2024-11-07,TMIN,GHCND:USW00093738,",,W,2400",14.4
2024-11-08,TAVG,GHCND:USW00093738,"H,,S,",18.0
2024-11-08,TMAX,GHCND:USW00093738,",,W,2400",23.3
2024-11-08,TMIN,GHCND:USW00093738,",,W,2400",12.2
2024-11-09,TAVG,GHCND:USW00093738,"H,,S,",12.8
2024-11-09,TMAX,GHCND:USW00093738,",,W,2400",15.6
2024-11-09,TMIN,GHCND:USW00093738,",,W,2400",2.2
2024-11-10,TAVG,GHCND:USW00093738,"H,,S,",8.9
2024-11-10,TMAX,GHCND:USW00093738,",,W,2400",16.1
2024-11-10,TMIN,GHCND:USW00093738,",,W,2400",1.7
2024-11-11,TAVG,GHCND:USW00093738,"H,,S,",16.6
2024-11-11,TMAX,GHCND:USW00093738,",,W,2400",24.4
2024-11-11,TMIN,GHCND:USW00093738,",,W,2400",13.3
2024-11-12,TAVG,GHCND:USW00093738,"H,,S,",14.7
2024-11-12,TMAX,GHCND:USW00093738,",,W,2400",16.7
2024-11-12,TMIN,GHCND:USW00093738,",,W,2400",6.1
2024-11-13,TAVG,GHCND:USW00093738,"H,,S,",6.4
2024-11-13,TMAX,GHCND:USW00093738,",,W,2400",11.7
2024-11-13,TMIN,GHCND:USW00093738,",,W,2400",-1.0
2024-11-14,TAVG,GHCND:USW00093738,"H,,S,",5.6
2024-11-14,TMAX,GHCND:USW00093738,",,W,2400",10.0
2024-11-14,TMIN,GHCND:USW00093738,",,W,2400",1.1
2024-11-15,TAVG,GHCND:USW00093738,"H,,S,",8.7
2024-11-15,TMAX,GHCND:USW00093738,",,W,2400",13.3
2024-11-15,TMIN,GHCND:USW00093738,",,W,2400",7.2
2024-11-16,TAVG,GHCND:USW00093738,"H,,S,",13.3
2024-11-16,TMAX,GHCND:USW00093738,",,W,2400",16.1
2024-11-16,TMIN,GHCND:USW00093738,",,W,2400",7.2
2024-11-17,TAVG,GHCND:USW00093738,"H,,S,",9.6
2024-11-17,TMAX,GHCND:USW00093738,",,W,2400",15.0
2024-11-17,TMIN,GHCND:USW00093738,",,W,2400",1.7
2024-11-18,TAVG,GHCND:USW00093738,"H,,S,",11.4
2024-11-18,TMAX,GHCND:USW00093738,",,W,2400",22.2
2024-11-18,TMIN,GHCND:USW00093738,",,W,2400",2.2
2024-11-19,TAVG,GHCND:USW00093738,"H,,S,",13.0
2024-11-19,TMAX,GHCND:USW00093738,",,W,2400",15.6
2024-11-19,TMIN,GHCND:USW00093738,",,W,2400",7.2
2024-11-20,TAVG,GHCND:USW00093738,"H,,S,",13.6
2024-11-20,TMAX,GHCND:USW00093738,",,W,2400",18.3
2024-11-20,TMIN,GHCND:USW00093738,",,W,2400",7.8
2024-11-21,TAVG,GHCND:USW00093738,"H,,S,",7.4
2024-11-21,TMAX,GHCND:USW00093738,",,W,2400",10.6
2024-11-21,TMIN,GHCND:USW00093738,",,W,2400",2.2
2024-11-22,TAVG,GHCND:USW00093738,"H,,S,",3.0
2024-11-22,TMAX,GHCND:USW00093738,",,W,2400",7.8
2024-11-22,TMIN,GHCND:USW00093738,",,W,2400",0.6
2024-11-23,TAVG,GHCND:USW00093738,"H,,S,",8.5
2024-11-23,TMAX,GHCND:USW00093738,",,W,2400",13.9
2024-11-23,TMIN,GHCND:USW00093738,",,W,2400",6.1
2024-11-24,TAVG,GHCND:USW00093738,"H,,S,",10.4
2024-11-24,TMAX,GHCND:USW00093738,",,W,2400",14.4
2024-11-24,TMIN,GHCND:USW00093738,",,W,2400",5.0
2024-11-25,TAVG,GHCND:USW00093738,"H,,S,",7.6
2024-11-25,TMAX,GHCND:USW00093738,",,W,2400",15.0
2024-11-25,TMIN,GHCND:USW00093738,",,W,2400",-0.5
2024-11-26,TAVG,GHCND:USW00093738,"H,,S,",12.9
2024-11-26,TMAX,GHCND:USW00093738,",,W,2400",17.8
2024-11-26,TMIN,GHCND:USW00093738,",,W,2400",3.9
2024-11-27,TAVG,GHCND:USW00093738,"H,,S,",7.8
2024-11-27,TMAX,GHCND:USW00093738,",,W,2400",12.2
2024-11-27,TMIN,GHCND:USW00093738,",,W,2400",-0.5
2024-11-28,TAVG,GHCND:USW00093738,"H,,S,",9.2
2024-11-28,TMAX,GHCND:USW00093738,",,W,2400",13.9
2024-11-28,TMIN,GHCND:USW00093738,",,W,2400",2.8
2024-11-29,TAVG,GHCND:USW00093738,"H,,S,",4.5
2024-11-29,TMAX,GHCND:USW00093738,",,W,2400",6.7
2024-11-29,TMIN,GHCND:USW00093738,",,W,2400",-2.7
2024-11-30,TAVG,GHCND:USW00093738,"H,,S,",-0.1
2024-11-30,TMAX,GHCND:USW00093738,",,W,2400",2.8
2024-11-30,TMIN,GHCND:USW00093738,",,W,2400",-6.6
2024-12-01,TAVG,GHCND:USW00093738,"H,,S,",-1.1
2024-12-01,TMAX,GHCND:USW00093738,",,W,2400",6.1
2024-12-01,TMIN,GHCND:USW00093738,",,W,2400",-6.6
2024-12-02,TAVG,GHCND:USW00093738,"H,,S,",0.0
2024-12-02,TMAX,GHCND:USW00093738,",,W,2400",5.0
2024-12-02,TMIN,GHCND:USW00093738,",,W,2400",-7.1
2024-12-03,TAVG,GHCND:USW00093738,"H,,S,",0.2
2024-12-03,TMAX,GHCND:USW00093738,",,W,2400",5.6
2024-12-03,TMIN,GHCND:USW00093738,",,W,2400",-6.0
2024-12-04,TAVG,GHCND:USW00093738,"H,,S,",-1.4
2024-12-04,TMAX,GHCND:USW00093738,",,W,2400",6.1
2024-12-04,TMIN,GHCND:USW00093738,",,W,2400",-8.2
2024-12-05,TAVG,GHCND:USW00093738,"H,,S,",3.4
2024-12-05,TMAX,GHCND:USW00093738,",,W,2400",5.6
2024-12-05,TMIN,GHCND:USW00093738,",,W,2400",-2.7
2024-12-06,TAVG,GHCND:USW00093738,"H,,S,",-1.2
2024-12-06,TMAX,GHCND:USW00093738,",,W,2400",3.3
2024-12-06,TMIN,GHCND:USW00093738,",,W,2400",-5.5
2024-12-07,TAVG,GHCND:USW00093738,"H,,S,",-0.9
2024-12-07,TMAX,GHCND:USW00093738,",,W,2400",5.6
2024-12-07,TMIN,GHCND:USW00093738,",,W,2400",-5.5
2024-12-08,TAVG,GHCND:USW00093738,"H,,S,",7.4
2024-12-08,TMAX,GHCND:USW00093738,",,W,2400",18.9
2024-12-08,TMIN,GHCND:USW00093738,",,W,2400",1.1
2024-12-09,TAVG,GHCND:USW00093738,"H,,S,",7.2
2024-12-09,TMAX,GHCND:USW00093738,",,W,2400",15.0
2024-12-09,TMIN,GHCND:USW00093738,",,W,2400",1.1
2024-12-10,TAVG,GHCND:USW00093738,"H,,S,",8.6
2024-12-10,TMAX,GHCND:USW00093738,",,W,2400",12.8
2024-12-10,TMIN,GHCND:USW00093738,",,W,2400",3.3
2024-12-11,TAVG,GHCND:USW00093738,"H,,S,",12.5
2024-12-11,TMAX,GHCND:USW00093738,",,W,2400",16.7
2024-12-11,TMIN,GHCND:USW00093738,",,W,2400",1.1
2024-12-12,TAVG,GHCND:USW00093738,"H,,S,",2.7
2024-12-12,TMAX,GHCND:USW00093738,",,W,2400",7.2
2024-12-12,TMIN,GHCND:USW00093738,",,W,2400",-3.8
2024-12-13,TAVG,GHCND:USW00093738,"H,,S,",-0.6
2024-12-13,TMAX,GHCND:USW00093738,",,W,2400",3.3
2024-12-13,TMIN,GHCND:USW00093738,",,W,2400",-4.9
2024-12-14,TAVG,GHCND:USW00093738,"H,,S,",-0.4
2024-12-14,TMAX,GHCND:USW00093738,",,W,2400",5.0
2024-12-14,TMIN,GHCND:USW00093738,",,W,2400",-4.3
2024-12-15,TAVG,GHCND:USW00093738,"H,,S,",1.3
2024-12-15,TMAX,GHCND:USW00093738,",,W,2400",3.9
2024-12-15,TMIN,GHCND:USW00093738,",,W,2400",0.0
2024-12-16,TAVG,GHCND:USW00093738,"H,,S,",3.7
2024-12-16,TMAX,GHCND:USW00093738,",,W,2400",8.9
2024-12-16,TMIN,GHCND:USW00093738,",,W,2400",1.7
2024-12-17,TAVG,GHCND:USW00093738,"H,,S,",11.2
2024-12-17,TMAX,GHCND:USW00093738,",,W,2400",16.7
2024-12-17,TMIN,GHCND:USW00093738,",,W,2400",1.1
2024-12-18,TAVG,GHCND:USW00093738,"H,,S,",6.2
2024-12-18,TMAX,GHCND:USW00093738,",,W,2400",11.7
2024-12-18,TMIN,GHCND:USW00093738,",,W,2400",-0.5
2024-12-19,TAVG,GHCND:USW00093738,"H,,S,",6.4
2024-12-19,TMAX,GHCND:USW00093738,",,W,2400",7.8
2024-12-19,TMIN,GHCND:USW00093738,",,W,2400",1.1
2024-12-20,TAVG,GHCND:USW00093738,"H,,S,",3.0
2024-12-20,TMAX,GHCND:USW00093738,",,W,2400",4.4
2024-12-20,TMIN,GHCND:USW00093738,",,W,2400",1.1
2024-12-21,TAVG,GHCND:USW00093738,"H,,S,",1.8
2024-12-21,TMAX,GHCND:USW00093738,",,W,2400",3.3
2024-12-21,TMIN,GHCND:USW00093738,",,W,2400",-2.1
2024-12-22,TAVG,GHCND:USW00093738,"H,,S,",-1.7
2024-12-22,TMAX,GHCND:USW00093738,",,W,2400",1.1
2024-12-22,TMIN,GHCND:USW00093738,",,W,2400",-7.7
2024-12-23,TAVG,GHCND:USW00093738,"H,,S,",-4.6
2024-12-23,TMAX,GHCND:USW00093738,",,W,2400",1.7
2024-12-23,TMIN,GHCND:USW00093738,",,W,2400",-9.9
2024-12-24,TAVG,GHCND:USW00093738,"H,,S,",-0.2
2024-12-24,TMAX,GHCND:USW00093738,",,W,2400",5.6
2024-12-24,TMIN,GHCND:USW00093738,",,W,2400",-3.8
2024-12-25,TAVG,GHCND:USW00093738,"H,,S,",4.0
2024-12-25,TMAX,GHCND:USW00093738,",,W,2400",7.8
2024-12-25,TMIN,GHCND:USW00093738,",,W,2400",-0.5
2024-12-26,TAVG,GHCND:USW00093738,"H,,S,",1.4
2024-12-26,TMAX,GHCND:USW00093738,",,W,2400",5.0
2024-12-26,TMIN,GHCND:USW00093738,",,W,2400",-2.7
2024-12-27,TAVG,GHCND:USW00093738,"H,,S,",2.8
2024-12-27,TMAX,GHCND:USW00093738,",,W,2400",8.3
2024-12-27,TMIN,GHCND:USW00093738,",,W,2400",0.0
2024-12-28,TAVG,GHCND:USW00093738,"H,,S,",7.2
2024-12-28,TMAX,GHCND:USW00093738,",,W,2400",11.1
2024-12-28,TMIN,GHCND:USW00093738,",,W,2400",4.4
2024-12-29,TAVG,GHCND:USW00093738,"H,,S,",13.9
2024-12-29,TMAX,GHCND:USW00093738,",,W,2400",19.4
2024-12-29,TMIN,GHCND:USW00093738,",,W,2400",10.6
2024-12-30,TAVG,GHCND:USW00093738,"H,,S,",13.8
2024-12-30,TMAX,GHCND:USW00093738,",,W,2400",16.1
2024-12-30,TMIN,GHCND:USW00093738,",,W,2400",0.6
2024-12-31,TAVG,GHCND:USW00093738,"H,,S,",7.3
2024-12-31,TMAX,GHCND:USW00093738,",,W,2400",16.1
2024-12-31,TMIN,GHCND:USW00093738,",,W,2400",-0.5
